#,Company Name,Website URL,NACE-BEL Code,Standard Sector,Persona,Persona Rationale,Address
1,A & B Partners Aalst,https://abpartners.be/,K,Financial and insurance activities,GUARDIAN,Accounting and advisory services for entrepreneurs,"Leopoldlaan 100, 9300, Aalst"
2,Aa Verhoeven,https://www.aaverhoeven.com/,G,Wholesale and retail trade,ENABLER,Partner for printers and IT infrastructure advice,"Ninovesteenweg 190, 9320, Erembodegem"
3,Aalst Ballooning Company,https://www.companyweb.be/nl/0452336140,R,Arts entertainment and recreation,ENABLER,Balloon flights for private individuals companies and events,"Gentse steenweg 277, 9300, Aalst"
4,Aalst Recycling,https://aalstrecycling.be/,E,Water supply sewerage waste management,TRANSFORMER,Recycling services for construction demolition and green waste,"Gentse steenweg 150, 9300, Aalst"
5,ABES,https://aalstrecycling.be/,K,Financial and insurance activities,GUARDIAN,Accounting and tax services for SMEs,"Waterkeringstraat 7, 9320, Erembodegem"
6,Ablimmo,https://ablimmo.be/,L,Real estate activities,ENABLER,Sales of new construction projects and real estate development,"Onegem 104, 9300, Aalst"
7,Ablo Blommaert,https://www.ablo.be/,C,Manufacturing,TRANSFORMER,Handmade wall art production for luxury interiors,"Wijngaardveld 19, 9300, Aalst"
8,Abotec,https://www.abotec.eu/,F,Construction,TRANSFORMER,Sound absorption and sound insulation solutions,"Moorselbaan 349, 9300, Aalst"
9,Abstractive,https://www.abstractive.be/,J,Information and communication,ENABLER,Custom software solutions and Odoo implementation,"Asserenbosweg 4, 9310, Baardegem"
10,Academy,https://www.agreflor.be/,G,Wholesale and retail trade,ENABLER,Sale of plants flowers and floral arrangements,"Diepestraat 148, 9300, Aalst"
11,Accofiska Aalst,https://www.accofiska.be/,K,Financial and insurance activities,GUARDIAN,Accounting tax advice and financial planning,"Leo de Béthunelaan 100, 9300, Aalst"
12,Acos Accounting House,https://www.accofiska.be/,K,Financial and insurance activities,GUARDIAN,Bookkeeping tax advice and HR advisory services,"Kareelstraat 120-122, 9300, Aalst"
13,Acotec,https://www.acotec.be/,F,Construction,TRANSFORMER,Corrosion management and protection solutions,"Industrielaan 8, 9320, Erembodegem"
14,AD Automotive,https://www.companyweb.be/nl/0629926314,G,Wholesale and retail trade,ENABLER,Car garage services,"Wijngaardveld 2 H, 9300, Aalst"
15,Adam,https://www.companyweb.be/nl/0798264468,J,Information and communication,GUARDIAN,IT advice and software solutions,"Park De Blieck 15, 9300, Aalst"
16,Ads Amusement Rental,https://www.companyweb.be/nl/0798264468,N,Administrative and support service activities,ENABLER,Rental of mobile restrooms refrigerated trailers event equipment,"Nijverheidslaan 4, 9308, Gijzegem"
17,Adverum Attorneys,https://www.adverum.be/,M,Professional scientific and technical activities,GUARDIAN,Legal advice and assistance in various areas,"Hoezekouterdreef 43, 9300, Aalst"
18,Aelbrecht Erik,https://www.companyweb.be/nl/0447006484,F,Construction,TRANSFORMER,General construction of residential buildings,"Kempinnestraat 39, 9310, Baardegem"
19,Aircoplus,https://aircoplus.be/,F,Construction,TRANSFORMER,Design installation and maintenance of HVAC systems,"Albrechtlaan 21, 9300, Aalst"
20,Aircoplus Invest,https://www.companyweb.be/nl/0890298266,M,Professional scientific and technical activities,GUARDIAN,Consulting and financial services,"Albrechtlaan 21, 9300, Aalst"
21,Alindus,https://www.alindus.be/,G,Wholesale and retail trade,ENABLER,Import and distribution of personal protective equipment,"Bergekouter 140, 9300, Aalst"
22,All Insurances,https://www.alindus.be/,K,Financial and insurance activities,GUARDIAN,Insurance policies and advice,"Wijngaardveld 13, 9300, Aalst"
23,All Round,http://www.all-round.eu/,M,Professional scientific and technical activities,GUARDIAN,Full-service marketing agency for web design SEO advertising,"Industrielaan 27, 9320, Erembodegem"
24,Aluminum De Croock,https://www.aludecroock.be/,F,Construction,TRANSFORMER,Installation of carpentry doors and windows,"Keizersplein 39, 9300, Aalst"
25,Andre Vergalle,https://www.vergalle-interieurs.be/,C,Manufacturing,TRANSFORMER,Carpentry and furniture manufacturing,"Waterstraat 22, 9308, Gijzegem"
26,Animal Shelter Sint-Hubertus VZW,https://www.vergalle-interieurs.be/,Q,Human health and social work activities,ENABLER,Animal shelter and care services,"Dries 37B, 9320, Erembodegem"
27,Anso Interior,https://www.anso.be/,M,Professional scientific and technical activities,GUARDIAN,Timeless interior designs for residential and commercial,"Koolstraat 5, 9300, Aalst"
28,Any Window,https://anywindow.eu/,C,Manufacturing,TRANSFORMER,Window manufacturing and installation,"Wijngaardveld 18, 9300, Aalst"
29,Apok,https://www.companyweb.be/nl/0447875427,G,Wholesale and retail trade,ENABLER,Wholesale distribution of roof and facade materials,"Wijngaardveld 44, 9300, Aalst"
30,Appfie,https://appfie.com/,J,Information and communication,ENABLER,Low-code solutions and IT consulting for Microsoft Power Platform,"Exterkenstraat 58a, 9310, Baardegem"
31,Apply Heating,https://applyheating.eu/,F,Construction,TRANSFORMER,Underfloor and wall heating installation,"Moorselbaan 316, 9300, Aalst"
32,Aquafin - WWTP Aalst,,E,Water supply sewerage waste management,TRANSFORMER,Sewage water purification,"Spuimeersenweg 2, 9308, Hofstade"
33,Aquasecurity,https://www.aquasecurity.be/,F,Construction,TRANSFORMER,Fire protection and automatic sprinkler systems,"Industrielaan 20, 9320, Erembodegem"
34,Archisnapper,https://archisnapper.com/,J,Information and communication,ENABLER,Project management software for construction industry,"Groeneweg 17, 9320, Erembodegem"
35,Argon,https://www.companyweb.be/nl/0439507196,L,Real estate activities,ENABLER,Property management,"Kareelstraat 108, 9300, Aalst"
36,Ark 38,https://ark38.be/,G,Wholesale and retail trade,ENABLER,Interior design advice furniture retail and wholesale,"Pierre Corneliskaai 38, 9300, Aalst"
37,Armin Trans,https://www.armin-trans.be/,H,Transportation and storage,ENABLER,Freight transport road freight transport,"Groeneweg 17, 9320, Erembodegem"
38,Artislach,https://artislach.be/,C,Manufacturing,TRANSFORMER,Slaughter and packaging of chicken products,"Kokerijstraat 50, 9310, Baardegem"
39,Astro - Plan,http://astroplan.be/,M,Professional scientific and technical activities,GUARDIAN,Design and engineering firm for sewerage infrastructure and civil engineering,"Reinaertdreef 2, 9300, Aalst"
40,Atelier Saint Sauveur,https://ateliersauveur.be/fr/,C,Manufacturing,TRANSFORMER,Production of leather materials,"Wijngaardveld 22, 9300, Aalst"
41,Averbo,http://www.averbo.be/,K,Financial and insurance activities,GUARDIAN,Insurance policies and advice,"Dendermondse steenweg 88-94, 9300, Aalst"
42,Avika,https://www.avika.be/,K,Financial and insurance activities,GUARDIAN,Independent insurance broker and bank agent,"Hammestraat 26, 9300, Aalst"
43,Avika Insurance,https://www.avika.be/,K,Financial and insurance activities,GUARDIAN,Independent insurance broker and bank agent,"Wijngaardveld 1 A, 9300, Aalst"
44,Aya,http://www.aya.energy/,M,Professional scientific and technical activities,GUARDIAN,Energy management consulting for companies,"Korte Keppestraat 9, 9320, Erembodegem"
45,Azolla,https://www.companyweb.be/nl/0477429446,M,Professional scientific and technical activities,GUARDIAN,Strategic and financial consultancy,"Capucienenlaan 41, 9300, Aalst"
46,B & A,https://www.b-abvba.be/,N,Administrative and support service activities,ENABLER,Outsourcing of skilled technical personnel,"Capucienenlaan 41, 9300, Aalst"
47,B & F Consult,https://www.bf-consult.be/,K,Financial and insurance activities,GUARDIAN,Accounting tax and business services,"Ninovesteenweg 198, 9320, Erembodegem"
48,B-Post Mass Post,https://www.bpost.be/nl/masspost,H,Transportation and storage,ENABLER,Mail and parcel delivery,"Industrielaan 8, 9320, Erembodegem"
49,B2B Business Flats,https://www.bwnatuursteen.be/,L,Real estate activities,ENABLER,Rental of business flats,"Industrielaan 27, 9320, Erembodegem"
50,Bahia Trading,https://www.companyweb.be/nl/0502709725,G,Wholesale and retail trade,ENABLER,Wholesale of consumer goods,"Gentse steenweg 299, 9300, Aalst"
51,Baker Tilly Accountants & Tax Advisors,https://www.bakertilly.be/,K,Financial and insurance activities,GUARDIAN,Accounting tax advice and legal services,"Wijngaardveld 3 A - 5, 9300, Aalst"
52,Be My Honey,https://www.bemyhoney.be/,N,Administrative and support service activities,ENABLER,Professional cleaning services,"Wijngaardveld 42, 9300, Aalst"
53,Beautiful,https://www.bemyhoney.be/,F,Construction,TRANSFORMER,Outdoor products installation patio covers,"Overnelleweg  47, 1740, Ternat"
54,Beauty Full Stories,https://www.clothilde.be/,G,Wholesale and retail trade,ENABLER,Online sales of beauty products,"Industrielaan 4, 9320, Erembodegem"
55,Becton Dickinson Dispensing Belgium,https://www.companyweb.be/nl/0860249250,G,Wholesale and retail trade,ENABLER,Sales of medical technology equipment,"Kareelstraat 122, 9300, Aalst"
56,Belamco,https://afsprakenmaker.be/,J,Information and communication,ENABLER,Lead generation and automation technologies,"Europastraat 58, 9310, Baardegem"
57,Belki,https://www.belki.be/,C,Manufacturing,TRANSFORMER,Poultry production organic and conventional chicken,"Korte Zoutstraat 17, 9300, Aalst"
58,Beluma,https://www.beluma.be/,G,Wholesale and retail trade,ENABLER,Mechanical fastening and access hardware wholesale,"Erembodegem-Dorp 86, 9320, Erembodegem"
59,Betonma International,https://prestressed-concrete.paul.eu/,C,Manufacturing,TRANSFORMER,Machines for prestressed concrete production,"Industrielaan 4, 9320, Erembodegem"
60,Beverage center Nuelant,https://prestressed-concrete.paul.eu/,G,Wholesale and retail trade,ENABLER,Online sales of drinks,"Moorselbaan 391, 9300, Aalst"
61,Billypay,https://www.companyweb.be/nl/0766797371,N,Administrative and support service activities,ENABLER,Managing outgoing payments,"Wijngaardveld 50, 9300, Aalst"
62,Bim Belgium,https://www.companyweb.be/nl/0480040924,G,Wholesale and retail trade,ENABLER,Chemical products for paper industry,"Tragel 3, 9300, Aalst"
63,Binkvm,https://www.companyweb.be/nl/0560741657,F,Construction,TRANSFORMER,Machining and finishing of buildings,"Industrielaan 29, 9320, Erembodegem"
64,Bio-Circle,https://bio-circle.be/,G,Wholesale and retail trade,ENABLER,Cleaning solutions and systems distribution,"Nachtegaalstraat 10, 9320, Erembodegem"
65,Bitzone,http://www.bitzone.be/,J,Information and communication,GUARDIAN,Cybersecurity and information security,"Kareelstraat 120, 9300, Aalst"
66,Blindman Brothers,https://www.blindemanluc.be/,F,Construction,TRANSFORMER,Installation of ventilation and renewable energy,"Industrielaan 4, 9320, Erembodegem"
67,Blindman Luc,https://www.blindemanluc.be/,F,Construction,TRANSFORMER,Central heating plumbing ventilation installation,"Brusselbaan 16, 9320, Erembodegem"
68,Bluecrux,https://www.bluecrux.com/,J,Information and communication,GUARDIAN,Supply chain consulting and technology,"Groenenbrielstraat 33, 9320, Erembodegem"
69,Bmi Belgium,https://www.bmigroup.com/be,C,Manufacturing,TRANSFORMER,Roofing and waterproofing solutions manufacturing,"Kortenhoekstraat 55, 9308, Hofstade"
70,Bodywork Van Der Maelen Guy,https://www.bmigroup.com/be,G,Wholesale and retail trade,ENABLER,Body repairs,"Baardegem-Dorp 38, 9310, Baardegem"
71,Boels Rental,https://boels.com/,N,Administrative and support service activities,ENABLER,Rental of machines tools and equipment,"Mechelseweg 21, 9310, Baardegem"
72,Bookkeepers,https://www.bookkeepers.be/,K,Financial and insurance activities,GUARDIAN,Digital accounting services,"Korte Keppestraat 19, 9320, Erembodegem"
73,Boomerang Field Company,https://www.companyweb.be/en/0479127540/boomerang-field-company,C,Manufacturing,TRANSFORMER,Custom furniture and wooden elements production,"Wijngaardveld 25, 9300, Aalst"
74,Braco Fire Protection,https://www.bracofireprotection.be/,C,Manufacturing,TRANSFORMER,Manufacturer of fire extinguishers,"Wijngaardveld 14 B, 9300, Aalst"
75,Brn,http://www.brn.be/,C,Manufacturing,TRANSFORMER,Integration of packaging machines for food industry,"Capucienenlaan 61, 9300, Aalst"
76,Bronox,http://bronox.be/,J,Information and communication,ENABLER,Web hosting services,"Tragel 53, 9300, Aalst"
77,Bronox Spare Parts,https://www.companyweb.be/nl/0770935808,G,Wholesale and retail trade,ENABLER,Wholesale of building materials,"Gentsestraat 24, 9300, Aalst"
78,Brothers D'hondt,https://www.companyweb.be/nl/0770935808,F,Construction,TRANSFORMER,Turnkey new construction and renovations,"Exterkenstraat 2, 9310, Baardegem"
79,Building materials Bosmans,https://www.companyweb.be/nl/0770935808,G,Wholesale and retail trade,ENABLER,Building materials retail and wholesale,"Merestraat 175, 9300, Aalst"
80,Building materials Schelfhout,https://www.companyweb.be/nl/0770935808,G,Wholesale and retail trade,ENABLER,Wholesale of building materials,"Hekkestraat 45, 9308, Hofstade"
81,Buro Project,https://buroproject.be/,G,Wholesale and retail trade,ENABLER,Office furniture solutions,"Bergemeersenstraat 118, 9300, Aalst"
82,Business Center Region Aalst,https://buroproject.be/,L,Real estate activities,ENABLER,Flexible workspaces offices and meeting rooms,"Alfons Van de Maelestraat 115, 9320, Erembodegem"
83,BW Belgium,https://buroproject.be/,C,Manufacturing,TRANSFORMER,Natural stone materials and products manufacturing,"Alfons Van de Maelestraat 115, 9320, Erembodegem"
84,Calculus,https://calcula.be/,M,Professional scientific and technical activities,GUARDIAN,Architectural firm calculation and consultancy,"Korte Keppestraat 9 bus 41, 9320, Erembodegem"
85,Candyman,https://calcula.be/,G,Wholesale and retail trade,ENABLER,Wholesale and online sales of sweets,"Stationsstraat 27 bus 1, 9300, Aalst"
86,Capital-X,https://www.companyweb.be/nl/0736590977,K,Financial and insurance activities,GUARDIAN,Holding and managing financial assets,"Korte Keppestraat 19, 9320, Erembodegem"
87,Car - Parts Bag Luc,https://www.companyweb.be/nl/0736590977,G,Wholesale and retail trade,ENABLER,Auto parts wholesaler,"Korte Keppestraat 19, 9320, Erembodegem"
88,Car Body Center,https://www.companyweb.be/nl/0736590977,G,Wholesale and retail trade,ENABLER,Body repairs and maintenance,"Eendrachtstraat 2b, 9300, Aalst"
89,Car company Ost,https://www.companyweb.be/nl/0736590977,G,Wholesale and retail trade,ENABLER,Sales of vehicles and maintenance services,"Hekkestraat 23a, 9308, Hofstade"
90,Car tires Luypaert,https://www.companyweb.be/nl/0736590977,G,Wholesale and retail trade,ENABLER,Sales of car tires mounting and balancing,"Industrielaan 1, 9320, Erembodegem"
91,Carrosserie Bijloke Aalst Bvba,https://www.companyweb.be/nl/0460935882,G,Wholesale and retail trade,ENABLER,Damage repair to cars,"Katelijnestraat 2 bus 2, 9308, Hofstade"
92,Carrosserie Van Innis,https://www.carrosserievaninnis.be/,G,Wholesale and retail trade,ENABLER,Vehicle repair and maintenance,"Wijngaardveld 1 C, 9300, Aalst"
93,Cb Automotive,https://www.cbautomotive.be/,G,Wholesale and retail trade,ENABLER,Purchase and sale of used cars,"Hertshage 73, 9300, Aalst"
94,Cc Forklifts,https://www.cbautomotive.be/,G,Wholesale and retail trade,ENABLER,Rental and sale of forklifts,"Kwalestraat 65A, 9320, Erembodegem"
95,Cdv Safety,https://www.cdvsafety.be/,M,Professional scientific and technical activities,GUARDIAN,Safety training for employees,"Brusselbaan 287, 9320, Erembodegem"
96,CEMATEC,http://www.cematec.com/,C,Manufacturing,TRANSFORMER,Custom mechanical and electronic components,"Wijngaardveld 11, 9300, Aalst"
97,Chalets BAKA,https://chalets-baka.be/,C,Manufacturing,TRANSFORMER,Woodworking exterior structures,"Wijngaardveld 44, 9300, Aalst"
98,Character,https://chalets-baka.be/,N,Administrative and support service activities,ENABLER,Unique vacations and travel services,"Korte Keppestraat 9, 9320, Erembodegem"
99,Chili Publish,https://www.chili-publish.com/,J,Information and communication,ENABLER,Graphics creation and automation platform,"Geraardsbergsestraat 131, 9300, Aalst"
100,Christien Chris,https://garagechristienchris.be/,G,Wholesale and retail trade,ENABLER,Vehicle maintenance and repairs,"Industrielaan 19, 9320, Erembodegem"
101,Chubb Security Systems,http://www.vag-securite.be/,F,Construction,TRANSFORMER,Fire safety and security systems installation,"Eendrachtstraat 2, 9300, Aalst"
102,Ciac Toyota Aalst,https://www.companyweb.be/nl/0476277324,G,Wholesale and retail trade,ENABLER,Sales of Toyota vehicles and maintenance,"Arbeidstraat 1, 9300, Aalst"
103,Clc Fashion,https://www.companyweb.be/nl/0453995731,G,Wholesale and retail trade,ENABLER,Wholesale textiles womens clothing,"Gustaaf Papestraat 51, 9300, Aalst"
104,Cobeco,https://www.cobeco.be/,C,Manufacturing,TRANSFORMER,Burglar-resistant and fire-resistant doors manufacturing,"Korte Keppestraat 23, 9320, Erembodegem"
105,Cocky's Games,https://www.companyweb.be/nl/0860631510,M,Professional scientific and technical activities,GUARDIAN,Strategy and business consulting,"Korte Keppestraat 23, 9320, Erembodegem"
106,Commissioned Partnership Land Van Aalst for the Environment,https://www.companyweb.be/nl/0860631510,E,Water supply sewerage waste management,ENABLER,Household waste management,"Blauwenbergstraat 1b, 9320, Erembodegem"
107,Companies Ir. Oscar De Jonge and Son,https://www.companyweb.be/nl/0860631510,F,Construction,TRANSFORMER,Infrastructure and road works,"Albrechtlaan 52, 9300, Aalst"
108,Construction company Camimmo Aalst,https://www.companyweb.be/nl/0860631510,F,Construction,TRANSFORMER,New construction and renovation projects,"Hekkestraat 43, 9308, Hofstade"
109,Copaco Belgium,https://copaco.cloudchampion.be/,G,Wholesale and retail trade,ENABLER,Training and resources for cloud businesses,"Leopoldlaan 84, 9300, Aalst"
110,Copact Coaching,https://www.copact.be/,M,Professional scientific and technical activities,GUARDIAN,Consultancy coaching and soft skills training,"Gustaaf Papestraat 49, 9300, Aalst"
111,Coppens Autobanden,http://www.bandencentrale.com/,G,Wholesale and retail trade,ENABLER,Sale and replacement of car tires,"Ajuinenstraat 30, 9300, Aalst"
112,Coppens Steel Construction,https://www.coppensstaalbouw.be/,F,Construction,TRANSFORMER,Steel construction and metalwork,"Industrielaan 4, 9320, Erembodegem"
113,Coppens-Hofman,https://www.coppenshofman.be/,G,Wholesale and retail trade,ENABLER,IT equipment sales and maintenance,"Kareelstraat 108, 9300, Aalst"
114,Corcon,https://corcon.be/,M,Professional scientific and technical activities,GUARDIAN,Environmental inspection and hazardous substances advice,"Wijngaardveld 2 G, 9300, Aalst"
115,Core,https://www.companyweb.be/nl/0477876933,J,Information and communication,ENABLER,Printing activities,"Hekkestraat 16, 9308, Hofstade"
116,Coreaalst,https://www.coreaalst.com/,M,Professional scientific and technical activities,GUARDIAN,Clinical research and analytical solutions,"Wijngaardveld 16, 9300, Aalst"
117,Corex Holding,https://corexgroup.com/,C,Manufacturing,TRANSFORMER,Production of cardboard tubes cores and packaging,"Nachtegaalstraat 10, 9320, Erembodegem"
118,Cts Benelux,https://www.ctsbenelux.be/,C,Manufacturing,TRANSFORMER,Climate simulation and test equipment,"Alfred Nichelsstraat 47, 9300, Aalst"
119,Culobel,https://www.culobel.com/,C,Manufacturing,TRANSFORMER,Sheet metal stamping and pressure vessel manufacturing,"Koolstraat 145, 9300, Aalst"
120,Cuprochimique,http://www.cupro.be/,G,Wholesale and retail trade,ENABLER,Trader and stockist of aluminum and non-ferrous metals,"Waterkeringstraat 15, 9320, Erembodegem"
121,Curafyt,https://www.curafyt.com/,C,Manufacturing,TRANSFORMER,Natural supplements for dogs and horses,"Eendrachtstraat 4, 9300, Aalst"
122,Current,https://www.curafyt.com/,C,Manufacturing,TRANSFORMER,Craft beer brewing,"Beekveldstraat 68 A/C, 9300, Aalst"
123,Cuzn Roofing,https://cuzn.be/,F,Construction,TRANSFORMER,Copper and zinc roofing and facade cladding,"Arbeidstraat 122, 9300, Aalst"
124,Cyrelco,https://www.companyweb.be/nl/0763876780,J,Information and communication,GUARDIAN,Computer consultancy,"Horingstraat 24, 9310, Baardegem"
125,D-Concrete,https://www.d-beton.be/,C,Manufacturing,TRANSFORMER,Precast concrete elements production,"Kapelleweg 2, 9310, Baardegem"
126,D'hondt Nv,https://www.companyweb.be/nl/0406877485,G,Wholesale and retail trade,ENABLER,Volvo dealer sales and services,"Ninovesteenweg 198, 9320, Erembodegem"
127,D&P,https://www.companyweb.be/nl/0831768367,G,Wholesale and retail trade,ENABLER,Retail trade in lighting products,"Karel Van der Slotenstraat 53, 9308, Hofstade"
128,Daenens Consultancy,https://www.companyweb.be/nl/0461723364,N,Administrative and support service activities,ENABLER,Payroll administration and recruitment,"Hekkestraat 45 c, 9308, Hofstade"
129,Data action,https://www.companyweb.be/nl/0716647282,J,Information and communication,ENABLER,Mobile computing systems and digitization solutions,"Keizersplein 57, 9300, Aalst"
130,Davebo,https://www.davebo.be/,F,Construction,TRANSFORMER,Complete renovations and new construction,"Lion d'Orweg 10, 9300, Aalst"
131,Davo Carrosserie,https://davo.be/,G,Wholesale and retail trade,ENABLER,Bodywork repairs and vehicle maintenance,"Moorselbaan 530, 9300, Aalst"
132,Dbh,https://www.companyweb.be/nl/0540972265,K,Financial and insurance activities,GUARDIAN,Management of investments in other companies,"Gentse steenweg 325, 9300, Aalst"
133,DC Mecanics,https://www.companyweb.be/nl/0558934091,G,Wholesale and retail trade,ENABLER,Car garage and transport,"Wijngaardveld 46, 9300, Aalst"
134,De Backer Technics,http://www.debackertechnics.be/,F,Construction,TRANSFORMER,Electrical plumbing and heating services,"Lion d'Orweg 3, 9300, Aalst"
135,De Bruyn & Sons,https://www.decolteerwerken.be/,C,Manufacturing,TRANSFORMER,Turning and milling metal products,"Lion d'Orweg 21, 9300, Aalst"
136,De Bruyn Blacksmith's Shop,https://www.decolteerwerken.be/,C,Manufacturing,TRANSFORMER,Traditional blacksmith and metalwork,"Brusselbaan 194-198, 9320, Erembodegem"
137,De Bruyn Wim Garden Contractor,https://www.decolteerwerken.be/,A,Agriculture forestry and fishing,TRANSFORMER,Garden construction and earthworks,"Watermolenstraat 15, 9320, Erembodegem"
138,De Konincke Building Materials,https://www.dekoninckbvba.com/,G,Wholesale and retail trade,ENABLER,Building materials retail and wholesale,"Brusselse steenweg 157/2.1, 9300, Aalst"
139,De Smet business office,https://www.companyweb.be/nl/0563898711,K,Financial and insurance activities,GUARDIAN,Insurance loans and investment brokerage,"Tragel 48, 9300, Aalst"
140,Deli Home Belgium,https://www.deli-home.com/,C,Manufacturing,TRANSFORMER,Custom wooden products manufacturing,"Bergweg 11, 9308, Hofstade"
141,Dendermetaal,https://www.companyweb.be/nl/0417782265,C,Manufacturing,TRANSFORMER,Manufacture of metals or metal products,"Industrielaan 28, 9320, Erembodegem"
142,Derieuw business office,https://www.companyweb.be/nl/0417782265,K,Financial and insurance activities,GUARDIAN,Banking and insurance services,"Rijgerstraat 80, 9310, Baardegem"
143,Dessomville,http://www.dessomville.be/,G,Wholesale and retail trade,ENABLER,Wholesale distribution of deli meats and dairy,"Aartstraat 60A, 9310, Baardegem"
144,Deweerdt W.,https://masterveil.be/,C,Manufacturing,TRANSFORMER,Custom air curtains manufacturing,"Leo de Béthunelaan 119, 9300, Aalst"
145,Diet Center Group,https://www.dieetshop.com/,G,Wholesale and retail trade,ENABLER,Online store for diet products,"Tolstraat 34, 9320, Erembodegem"
146,Dinamic Packaging Benelux,https://dinamic-emballage-benelux-nv-2375.droit-eco-ulb.be/,C,Manufacturing,TRANSFORMER,Plastic and wooden packaging manufacturing,"Hogeweg 76, 9320, Erembodegem"
147,Dirk De Sutter,https://www.companyweb.be/nl/0432684633,K,Financial and insurance activities,GUARDIAN,Accounting services and tax matters,"Keizersplein 52, 9300, Aalst"
148,Distillery Vds,https://www.companyweb.be/nl/0432684633,C,Manufacturing,TRANSFORMER,Spirits and drinks production,"Watermolenstraat 16, 9320, Erembodegem"
149,Distri-Hout,https://distrihout.be/,G,Wholesale and retail trade,ENABLER,Wholesale wood sustainable products,"Driehoekstraat 41, 9320, Erembodegem"
150,Dl-Invest,https://www.uwloodgieter.be/,F,Construction,TRANSFORMER,Plumbing heating and ventilation installation,"Hekkestraat 47, 9308, Hofstade"
151,Dms Containers,https://www.companyweb.be/nl/0428748512,E,Water supply sewerage waste management,ENABLER,Container rental for waste and recycling,"Brusselbaan 192, 9320, Erembodegem"
152,Dr Gaming Technology Europe,https://drgt.com/,C,Manufacturing,TRANSFORMER,Gaming systems and jackpots supplier,"Hammestraat 52, 9300, Aalst"
153,Drg-Trans,https://www.companyweb.be/nl/0859770881,H,Transportation and storage,ENABLER,Freight transport road freight transport,"Watermolenstraat 17, 9320, Erembodegem"
154,Drgt Online,https://drgt.com/,J,Information and communication,ENABLER,Casino management systems and software,"Dendermondse steenweg 179, 9300, Aalst"
155,Droppr,https://www.droppr.be,J,Information and communication,ENABLER,AI-powered shipment and carrier matching,"Brusselbaan 251, 9320, Erembodegem"
156,DW Concrete,https://www.wegeniswerken-pauldewinne.be/,F,Construction,TRANSFORMER,Road construction and infrastructure,"Hekkestraat 20, 9308, Hofstade"
157,Dynaco Europe,https://dynacodoor.com/,C,Manufacturing,TRANSFORMER,High-speed roll-up doors manufacturing,"Kerrebroekstraat 16, 9300, Aalst"
158,Earthworks De Smet,https://www.ecvs.be/,F,Construction,TRANSFORMER,Soil cultivation and construction,"Bosselingen 7, 9308, Hofstade"
159,EBN Gates,https://www.ecvs.be/,C,Manufacturing,TRANSFORMER,Custom gate manufacturing,"Nachtegaalstraat 8, 9320, Erembodegem"
160,Ec-Concessions,https://www.companyweb.be/nl/0764656542,G,Wholesale and retail trade,ENABLER,Wholesale and distribution of textile products,"Hollestraat 9-15, 9310, Baardegem"
161,Eco Project,https://www.eco-project.be/,F,Construction,TRANSFORMER,Solar panels insulation and roofing installation,"Elderbergstraat 4, 9310, Baardegem"
162,ECVS,https://www.eco-project.be/,F,Construction,TRANSFORMER,Central heating plumbing and electrical installations,"Nachtegaalstraat 8, 9320, Erembodegem"
163,Eeckhout Jan,http://garage-eeckhout.be/,G,Wholesale and retail trade,ENABLER,Car maintenance and repair,"Watertorenstraat 8 bus 11, 9300, Aalst"
164,EGSSIS,https://www.egssis.com/,J,Information and communication,ENABLER,Software for energy and carbon trading markets,"Hekkestraat 14, 9308, Hofstade"
165,Electricity Vandenheede Industry,https://www.vandenheede.info/,F,Construction,TRANSFORMER,Electrical installations high and low voltage,"Waverstraat 21, 9310, Baardegem"
166,Electro Crabbe - Spinoy,https://crabbe-spinoy.selexion.be/,G,Wholesale and retail trade,ENABLER,Retail of electrical appliances,"Europastraat 34, 9310, Baardegem"
167,Electrosoft,https://www.electrosoft.be/,F,Construction,TRANSFORMER,Home automation and electrical installations,"Hekkestraat 20a, 9308, Hofstade"
168,Electrostock,https://www.companyweb.be/nl/0673922544,G,Wholesale and retail trade,ENABLER,Retail and wholesale of ICT and electronics,"Groeneweg 17, 9320, Erembodegem"
169,Elrotrans,https://www.elrotrans.be/,H,Transportation and storage,ENABLER,Transport with warehouse facilities,"Baardegem-Dorp 89, 9310, Baardegem"
170,Enelius,http://www.enelius.be/,F,Construction,TRANSFORMER,Industrial and residential electrical projects,"Victor Bocquéstraat 13, 9300, Aalst"
171,Envisan,https://www.envisan.com/,F,Construction,TRANSFORMER,Construction dredging and environmental remediation,"Korte Keppestraat 7, 9320, Erembodegem"
172,Eronda,https://woonmode.be/,C,Manufacturing,TRANSFORMER,Custom furniture and kitchen production,"Leopoldlaan 97, 9300, Aalst"
173,Etching by Frans Daelman,https://woonmode.be/,G,Wholesale and retail trade,ENABLER,Protective clothing and safety footwear wholesale,"Wijngaardveld 29 D, 9300, Aalst"
174,Eurautomat,https://www.companyweb.be/nl/0418410092,C,Manufacturing,TRANSFORMER,Production of gaming machines,"Baardegem-Dorp 90, 9310, Baardegem"
175,Euro Superwash,https://www.companyweb.be/nl/0845552859,G,Wholesale and retail trade,ENABLER,Vehicle washing and maintenance,"Ninovesteenweg 200, 9320, Erembodegem"
176,Eurodesign Collections,http://www.eurodesign.be/,C,Manufacturing,TRANSFORMER,Custom furniture and interior production,"Kwadelapstraat 2, 9320, Erembodegem"
177,Europassur,https://www.moncourtier.be/fr-be,K,Financial and insurance activities,GUARDIAN,Insurance solutions and advice,"Grote Baan 126, 9310, Baardegem"
178,European Energy Pooling,http://www.europeanenergypooling.com/,D,Electricity gas steam and air conditioning supply,ENABLER,Energy market intermediary services,"Victor Bocquéstraat 5, 9300, Aalst"
179,Eurorail,https://eurorail.eu/,H,Transportation and storage,ENABLER,Rail freight transport solutions,"Tragel 60, 9308, Hofstade"
180,Eurorail International,https://eurorail.eu/,H,Transportation and storage,ENABLER,Rail and road freight transport,"Kuilstraat 47-49, 9420, Erpe-Mere"
181,Eurotranspharma Belgium,https://www.eurotranspharma.com/,H,Transportation and storage,ENABLER,Pharmaceutical logistics and distribution,"Kluisdreef 3, 9300, Aalst"
182,Evident,http://www.vanheeverzekeringen.be/,K,Financial and insurance activities,GUARDIAN,Insurance advice and solutions,"Industrielaan 28, 9320, Erembodegem"
183,Evoltis,https://www.companyweb.be/nl/0800185761,J,Information and communication,GUARDIAN,IT advice and software solutions,"Dendermondse steenweg 178, 9300, Aalst"
184,Exclusive Car Design,https://www.exclusivecardesign.be/,G,Wholesale and retail trade,ENABLER,Premium car dealership and maintenance,"Opwijkse steenweg 16, 9310, Baardegem"
185,Expertise agency De Nil & Vermoesen,https://www.exclusivecardesign.be/,M,Professional scientific and technical activities,GUARDIAN,Claims settlement and technical expertise,"Erembodegem-Dorp 117, 9320, Erembodegem"
186,Familycard Benelux,https://www.familycard.be/,J,Information and communication,ENABLER,Benefits card and marketing services,"Korte Keppestraat 7, 9320, Erembodegem"
187,Febex Invest,https://www.companyweb.be/nl/0507672759,K,Financial and insurance activities,GUARDIAN,Management of investments,"Ninovesteenweg 190, 9320, Erembodegem"
188,Fides,https://www.vanpraet.be/,G,Wholesale and retail trade,ENABLER,Indoor and outdoor furniture retail,"Ninovesteenweg 190, 9320, Erembodegem"
189,First Aid PC,https://www.vanpraet.be/,J,Information and communication,ENABLER,IT solutions repairs and data recovery,"Waterkeringstraat 1, 9320, Erembodegem"
190,Fleurinck,https://fleurinck.be/,M,Professional scientific and technical activities,GUARDIAN,Interior design and curtain specialist,"Leopoldlaan 102, 9300, Aalst"
191,Flexifoam,http://flexifoam.com/,C,Manufacturing,TRANSFORMER,Polyols for polyurethane foam production,"Industrielaan 4, 9320, Erembodegem"
192,Flora - Marckx,https://www.flora-marckx.be/,G,Wholesale and retail trade,ENABLER,Garden center plants and flowers,"Gentse steenweg 311, 9300, Aalst"
193,Florida Trading,https://www.companyweb.be/nl/0772500278,H,Transportation and storage,ENABLER,Postal and courier services,"Korte Keppestraat 9, 9320, Erembodegem"
194,Floru,https://www.floru-varkensvlees.be/,C,Manufacturing,TRANSFORMER,Pork cutting and deboning,"Verenigde Natiesstraat 6, 9320, Erembodegem"
195,Flp-Technics,https://www.companyweb.be/nl/0461654672,F,Construction,TRANSFORMER,Electrical installation and automation,"Kareelstraat 108, 9300, Aalst"
196,Fluvius,,D,Electricity gas steam and air conditioning supply,TRANSFORMER,Distribution networks for electricity and gas,"Waverstraat 16, 9310, Baardegem"
197,Freddy Van Den Abbeele,http://www.garagevandenabbeele.be/,G,Wholesale and retail trade,ENABLER,Opel car sales and aftersales,"Schoolstraat 1, 9320, Erembodegem"
198,From Geert Art Foundry,http://www.garagevandenabbeele.be/,C,Manufacturing,TRANSFORMER,Bronze casting artworks,"Hekkestraat 24, 9308, Hofstade"
199,From Lysebeth,http://www.garagevandenabbeele.be/,F,Construction,TRANSFORMER,Central heating plumbing and bathroom design,"Dompelstraat 25, 9300, Aalst"
200,Fun Rent,https://www.fun-rent.be/,N,Administrative and support service activities,ENABLER,Rental of bouncy castles and event equipment,"Villalaan 20, 9320, Erembodegem"
201,Fund,https://www.fun-rent.be/,G,Wholesale and retail trade,ENABLER,Sports store athletic shoes and clothing,"Watermolenstraat 10, 9320, Erembodegem"
202,Future Electronics,http://www.futureelectronics.com/,G,Wholesale and retail trade,ENABLER,Electronic component distribution,"Jagershoek 157, 9320, Erembodegem"
203,G-Concessions,https://www.companyweb.be/nl/0642862154,G,Wholesale and retail trade,ENABLER,Managing brand corners in department stores,"Brusselsesteenweg  199, 9090, Melle"
204,Gabriels and C°,https://www.companyweb.be/nl/0642862154,G,Wholesale and retail trade,ENABLER,Fuel supplier and charging solutions,"Brusselse steenweg 136-138, 9300, Aalst"
205,Garage Erik,https://garage-erik.be/,G,Wholesale and retail trade,ENABLER,Renault and Dacia vehicle maintenance,"Ninovesteenweg 182, 9320, Erembodegem"
206,Garage MCS,https://garagemcs.be,G,Wholesale and retail trade,ENABLER,Vehicle maintenance and repair,"Pachthofstraat 74, 9308, Gijzegem"
207,Garage Teck,https://www.garageteck.be/,G,Wholesale and retail trade,ENABLER,Vehicle retail and repair,"Wijngaardveld 4, 9300, Aalst"
208,Garage Valckenier,https://www.valckenier.be/,G,Wholesale and retail trade,ENABLER,Vehicle sales rental and maintenance,"Industrielaan 4, 9320, Erembodegem"
209,Gasco Van Den Bremt,https://www.gasco-vandenbremt.be/,F,Construction,TRANSFORMER,Heating ventilation and air conditioning installation,"Groeneweg 17, 9320, Erembodegem"
210,Gates Distribution Center,https://www.gates.com/,C,Manufacturing,TRANSFORMER,Power transmission and fluid power products,"Hekkestraat 41, 9308, Hofstade"
211,GDA Systems,https://www.companyweb.be/nl/0438700316,N,Administrative and support service activities,ENABLER,Stage construction and event marketing,"Opwijkse steenweg 61, 9310, Baardegem"
212,Geems,https://www.companyweb.be/nl/0863171227,G,Wholesale and retail trade,ENABLER,Retail trade in electronics,"Wijngaardveld 15 A, 9300, Aalst"
213,Geert Velo,https://www.geertvelo.be/,G,Wholesale and retail trade,ENABLER,Bicycle repair and retail,"Elderbergstraat 31, 9310, Baardegem"
214,General Construction Works De Koninck Danny,https://www.geertvelo.be/,F,Construction,TRANSFORMER,Construction of apartments houses and renovations,"Siesegemlaan 1, 9300, Aalst"
215,Gilbos,https://www.gilbos.com/,C,Manufacturing,TRANSFORMER,Textile machinery manufacturing,"Vlaamsegaaistraat 16, 9320, Erembodegem"
216,Gits Bvba,https://www.companyweb.be/nl/0451648331/gits,F,Construction,TRANSFORMER,Sanitary and heating installation,"Korte Keppestraat 21, 9320, Erembodegem"
217,Glass shop De Smaele,https://www.desmaele.be/,C,Manufacturing,TRANSFORMER,Glass products and custom glass doors,"Victor Bocquéstraat 7, 9300, Aalst"
218,Glass Tower Brewery,https://www.desmaele.be/,C,Manufacturing,TRANSFORMER,Craft beer brewing,"Ledebaan 88, 9300, Aalst"
219,Globis,https://globis-software.com/,J,Information and communication,ENABLER,Software platform for integrated logistics,"Sinte Annalaan 126, 9300, Aalst"
220,Go Connect,https://www.trooper.be/,J,Information and communication,ENABLER,Online shopping charity support platform,"Pachthofstraat 50, 9308, Gijzegem"
221,Goldsmith's workshop Claessens,https://www.trooper.be/,C,Manufacturing,TRANSFORMER,Handcrafted gold jewelry,"Grote Baan 10, 9310, Herdersem"
222,Golf Club De Kluizen,https://www.trooper.be/,R,Arts entertainment and recreation,ENABLER,Golf club memberships and facilities,"Hammestraat 36, 9300, Aalst"
223,Goossens,https://www.goossensnv.be/,G,Wholesale and retail trade,ENABLER,Copying printing and scanning solutions,"Dokter André Goffaertsstraat 5, 9300, Aalst"
224,Gotron,https://www.gotron.be/,G,Wholesale and retail trade,ENABLER,Wholesale and retail of electronics,"Glazentorenweg  13, 9420, Erpe-Mere"
225,Govaert,https://www.companyweb.be/nl/0449565702,C,Manufacturing,TRANSFORMER,Artisanal bread and pastry production,"Industrielaan 27, 9320, Erembodegem"
226,Gpa Media,https://www.greenbananas.be/,M,Professional scientific and technical activities,GUARDIAN,Marketing agency web design and branding,"Arbeidstraat 118, 9300, Aalst"
227,Great Home Idea,https://www.greenbananas.be/,C,Manufacturing,TRANSFORMER,Furniture manufacturing,"Zandberg 7, 9300, Aalst"
228,Green Feelings,https://green-feelings.be/,A,Agriculture forestry and fishing,TRANSFORMER,Garden design installation and maintenance,"Fonteinbos 48, 9320, Erembodegem"
229,Group Asekura,https://www.asekura.be/,K,Financial and insurance activities,GUARDIAN,Tailored insurance solutions,"Leo de Béthunelaan 101, 9300, Aalst"
230,Group Rdr,https://www.asekura.be/,F,Construction,TRANSFORMER,Construction of houses and apartments,"Louis D'Haeseleerstraat 74, 9300, Aalst"
231,Grout Technology,https://www.grouttech.eu/,G,Wholesale and retail trade,ENABLER,Construction chemicals and concrete processing rental,"Alfred Nichelsstraat 3, 9300, Aalst"
232,Guli,https://www.companyweb.be/nl/0825637868,G,Wholesale and retail trade,ENABLER,Wholesale of pet supplies,"De Ridderstraat 36, 9300, Aalst"
233,Haleydt Curved Steel,https://haleydtcurvedsteel.be/,C,Manufacturing,TRANSFORMER,Centering steel and stainless steel,"Europastraat 76, 9310, Baardegem"
234,Hamann International,https://www.companyweb.be/nl/0873604566,H,Transportation and storage,ENABLER,Road air and sea freight transport,"Watermolenstraat 21, 9320, Erembodegem"
235,Hedin Automotive,https://www.hedinautomotive.be/nl,G,Wholesale and retail trade,ENABLER,Sales of vehicles and mobility solutions,"Blauwenbergstraat 75, 9320, Erembodegem"
236,Heppner Belgium,https://www.dinalog.be/,H,Transportation and storage,ENABLER,Logistics and knowledge development,"Lion d'Orweg 17, 9300, Aalst"
237,Herman Motoren,http://www.electromotoren.be/,C,Manufacturing,TRANSFORMER,Electric motors and drives production,"Leopoldlaan 85, 9300, Aalst"
238,Herman's delivery service,http://www.electromotoren.be/,H,Transportation and storage,ENABLER,Delivery services for various products,"Victor Bocquéstraat 11, 9300, Aalst"
239,Hestor,https://www.hestor.be/,L,Real estate activities,ENABLER,Resale of properties and new construction,"Binnenstraat 9, 9300, Aalst"
240,Hofman,https://www.hofman.be/,G,Wholesale and retail trade,ENABLER,Wholesale of natural stone products,"Gentse steenweg 514, 9300, Aalst"
241,Hogie Funfaires,https://www.companyweb.be/nl/0567911739/hogie-funfairs,R,Arts entertainment and recreation,ENABLER,Operating fairground activities,"Hekkestraat 49 c, 9308, Hofstade"
242,Homologation Automotive Consultancy,https://www.companyweb.be/nl/0523878984,M,Professional scientific and technical activities,GUARDIAN,Vehicle certification and safety consulting,"Tragel 45-49, 9300, Aalst"
243,Honda Access Europe,http://honda-access-europe.com/contact/,G,Wholesale and retail trade,ENABLER,Honda automotive accessories distribution,"Nachtegaalstraat 6, 9320, Erembodegem"
244,HOW Hospitality Services,http://honda-access-europe.com/contact/,N,Administrative and support service activities,ENABLER,Rental for hospitality sector,"Blauwenbergstraat 120, 9320, Erembodegem"
245,Hydroserv,https://hydroserv.eu/,N,Administrative and support service activities,ENABLER,Hydraulic services and maintenance,"Lion d'Orweg 9, 9300, Aalst"
246,Hylyght,https://hylyght.com/,M,Professional scientific and technical activities,GUARDIAN,Injury prevention and talent identification tools,"Keizersplein 71, 9300, Aalst"
247,Hypo Assur,https://hypo-assur.be/,K,Financial and insurance activities,GUARDIAN,Credit broker and insurance services,"Alverenbergbaan 1, 9308, Hofstade"
248,Ilva - Recycling park Spuimeersenweg,https://www.ilva.be/,E,Water supply sewerage waste management,ENABLER,Household waste collection and recycling centers,"Lion d'Orweg 8 a, 9300, Aalst"
249,Imbrechts-Van den Nest,https://imbrechts-vandennest.be/,M,Professional scientific and technical activities,GUARDIAN,Legal advice in construction and real estate,"Anna Snelstraat 3, 9300, Aalst"
250,Immo Living,https://www.companyweb.be/nl/0747570387,L,Real estate activities,ENABLER,Real estate mediation,"Wijngaardveld 1, 9300, Aalst"
251,Immune-It,https://immuneit.be/,J,Information and communication,GUARDIAN,IT services software testing and consulting,"Steenweg naar Oudegem 222, 9308, Gijzegem"
252,Impact Software,https://www.inmotiv.be/,J,Information and communication,ENABLER,Vehicle registration and data services,"Abrahamsweg 3, 9310, Baardegem"
253,Industrial Construction Services,https://icsbouwservice.be/,F,Construction,TRANSFORMER,New construction and redevelopment projects,"Nieuwerkerken-Dorp 2, 9320, Erembodegem"
254,Industrial Service,https://indusserv.be,C,Manufacturing,TRANSFORMER,Slitting roll cutting and laminating,"Industrielaan 18, 9320, Erembodegem"
255,Indy-Plus,https://indyplus.be/,K,Financial and insurance activities,GUARDIAN,Insurance services and advice,"Steenweg op Dendermonde 46, 9308, Hofstade"
256,Inovim Belgium,https://inovim.eu/,E,Water supply sewerage waste management,ENABLER,Waste management software and systems,"Leo De Béthunelaan 125, 9300, Aalst"
257,Interholco Belgium,https://www.interholco.com/,C,Manufacturing,TRANSFORMER,Sustainable hardwood products,"Industrielaan 4, 9320, Erembodegem"
258,Intra Muros,https://www.poncelet-intramuros.be/,F,Construction,TRANSFORMER,Tile installation,"Molenstraat 71, 9300, Aalst"
259,Ipbuilding,https://www.ipbuilding.be/,C,Manufacturing,TRANSFORMER,Smart home and building applications and hardware,"Rozenstraat 2, 9308, Hofstade"
260,Ivemar,http://www.ivemar.be/,H,Transportation and storage,ENABLER,Transport and storage of goods,"Wijngaardveld 22A, 9300, Aalst"
261,J&T,https://www.companyweb.be/nl/0734565855,C,Manufacturing,TRANSFORMER,Manufacture of chemical products and abrasives,"Brusselbaan 251, 9320, Erembodegem"
262,Jan De Nul,https://www.jandenul.com/,F,Construction,TRANSFORMER,Construction dredging and port infrastructure,"Lindeveldstraat 8, 9308, Hofstade"
263,Janssens and Janssens Aalst,https://www.jandenul.com/,G,Wholesale and retail trade,ENABLER,Wholesale wood and building materials,"Villalaan 16, 9320, Erembodegem"
264,Jasam,https://www.companyweb.be/nl/0477868520,G,Wholesale and retail trade,ENABLER,DIY store hardware and building materials,"Molendries 20, 9300, Aalst"
265,Jasper Geert,https://www.companyweb.be/nl/0478605423,G,Wholesale and retail trade,ENABLER,Wholesale of food products,"Ninovesteenweg 196, 9320, Erembodegem"
266,Jazz.Legal,https://jazz.legal/,M,Professional scientific and technical activities,GUARDIAN,Legal services for creative companies,"Waterkeringstraat 1, 9320, Erembodegem"
267,Johan Frisch,https://www.companyweb.be/nl/0476286826,F,Construction,TRANSFORMER,Construction and roofing work,"Wijngaardveld 44, 9300, Aalst"
268,Johannita,https://www.johannita.be/,G,Wholesale and retail trade,ENABLER,Retail of flowers plants and arrangements,"Tragel 60, 9308, Hofstade"
269,Junior,https://www.junior-aarschot.be/,G,Wholesale and retail trade,ENABLER,Clothing retail for babies and children,"Kammenstraat 31, 9308, Hofstade"
270,Karel Thysebaerdt Consulting & Coordination,https://www.ktcc.be/,M,Professional scientific and technical activities,GUARDIAN,Construction coordination and consulting,"Albrechtlaan 50, 9300, Aalst"
271,Kick,https://www.kick.be/,G,Wholesale and retail trade,ENABLER,Musical instruments retail and wholesale,"Broekstraat 51, 9310, Baardegem"
272,Kiekens P. & Zn,https://www.dakwerkenkiekens.be/,F,Construction,TRANSFORMER,Roofing services pitched and flat roofs,"Posthoornstraat 7, 9300, Aalst"
273,Kleemann Belgium,https://www.companyweb.be/nl/0788735308,G,Wholesale and retail trade,ENABLER,Supply of lifts elevators and escalators,"Waterkeringstraat 16, 9320, Erembodegem"
274,L & M Works,https://www.lm-works.be/,F,Construction,TRANSFORMER,Renovation project coordination,"Bredeweg 39, 9320, Erembodegem"
275,L-Door Industrial,https://www.l-door.be/,C,Manufacturing,TRANSFORMER,Industrial door solutions manufacturing,"Wijngaardveld 36, 9300, Aalst"
276,L&M Consult,https://www.lmconsult.be/,K,Financial and insurance activities,GUARDIAN,Banking and insurance solutions,"Grote Baan 170, 9310, Herdersem"
277,Laborex Group,https://www.lmconsult.be/,M,Professional scientific and technical activities,GUARDIAN,Laboratory testing and inspections,"Parklaan 223, 9300, Aalst"
278,LCL Belgium,https://www.lcl.be/,J,Information and communication,ENABLER,Data center and colocation services,"Waterkeringstraat 13, 9320, Erembodegem"
279,Lecot,https://lecot.be/nl/storelocator/aalst,G,Wholesale and retail trade,ENABLER,Wholesale of hardware and building products,"Keizerstraat 44, 9320, Erembodegem"
280,Leys,https://www.leys.be/,C,Manufacturing,TRANSFORMER,Machine components manufacturing,"Groeneweg 17, 9320, Erembodegem"
281,Liantis Aalst,https://liantis.be/nl/kantoren/aalst-korte-keppestraat,N,Administrative and support service activities,ENABLER,Personnel administration and payroll,"Wellekensstraat 45, 9300, Aalst"
282,Libreco,https://libreco.be/,E,Water supply sewerage waste management,TRANSFORMER,Waste processing and recycling,"Ledebaan 55, 9300, Aalst"
283,Lierman Real Estate,https://libreco.be/,L,Real estate activities,ENABLER,Real estate sales rentals and valuations,"Kwadelapstraat 2, 9320, Erembodegem"
284,Lievens Packaging,https://www.companyweb.be/nl/0415168413,G,Wholesale and retail trade,ENABLER,Wholesale of building materials,"Moorselbaan 303, 9300, Aalst"
285,Lift Technics & Services,https://www.lifttechnics.be/,F,Construction,TRANSFORMER,Elevator installation and maintenance,"Gentse steenweg 253-255, 9300, Aalst"
286,Liqueur and Wine Merchant De Moor,https://stokerijdemoor.be/,G,Wholesale and retail trade,ENABLER,Retail and wholesale of wines and spirits,"Kouterveld 13, 1831, Machelen"
287,Livetotravel,https://livetotravel.be/,N,Administrative and support service activities,ENABLER,Tour operator personalized travel experiences,"Wijngaardveld 29, 9300, Aalst"
288,Lowie,http://www.bakkerijlowie.be/,C,Manufacturing,TRANSFORMER,Artisanal bread and pastry production,"Industrielaan 30, 9320, Erembodegem"
289,Luso Construct,https://www.companyweb.be/nl/0713430743,F,Construction,TRANSFORMER,General construction of residential buildings,"Korte Keppestraat 9 bus 21, 9320, Erembodegem"
290,Luypaert Stephan Gardens,https://www.companyweb.be/nl/0713430743,A,Agriculture forestry and fishing,TRANSFORMER,Garden design construction and maintenance,"Industrielaan 28, 9320, Erembodegem"
291,Maeske's Fame,https://www.maaat.be/,C,Manufacturing,TRANSFORMER,Coffee products production,"Parklaan 23, 9300, Aalst"
292,Malvo - The Connoisseur,https://www.companyweb.be/nl/0436796641,G,Wholesale and retail trade,ENABLER,Retail of fruit vegetables and catering,"Hekkestraat 20a, 9308, Hofstade"
293,Manpower,https://interim-kantoren.manpower.be/nl/vlaanderen/oost-vlaanderen/aalst/manpower-aalst-17,N,Administrative and support service activities,ENABLER,Recruitment and workforce management,"Babbelaarstraat 68 A, 9308, Hofstade"
294,Marcoen,https://www.nvmarcoen.be/,C,Manufacturing,TRANSFORMER,Aluminum profiles and plates processing,"Gentse steenweg 398, 9300, Aalst"
295,Marnick Bronselaer,https://marnick-bronselaer-bvba.business.site/,F,Construction,TRANSFORMER,General construction of residential buildings,"Gentse steenweg 37, 9300, Aalst"
296,Marrenco,https://marnick-bronselaer-bvba.business.site/,J,Information and communication,GUARDIAN,Computer consultancy and programming,"Wijngaardveld 15, 9300, Aalst"
297,Marreyt Classics,https://www.marreyt.com/,G,Wholesale and retail trade,ENABLER,Classic car restoration and sales,"Bolleweg 49, 9300, Aalst"
298,Martens Building Management,https://mbmgevelwerken.be/,F,Construction,TRANSFORMER,Facade work and renovation,"Trieststraat 6, 9310, Baardegem"
299,Master Chips,https://masterchips.be/,G,Wholesale and retail trade,ENABLER,Distribution of electronic components,"Wijngaardveld 7, 9300, Aalst"
300,Materni,http://maternimedical.eu/,C,Manufacturing,TRANSFORMER,Sterile breastfeeding accessories production,"Kortenbosdries 10, 9310, Baardegem"
301,Mc Construction,https://mcbouwwerken.be/,F,Construction,TRANSFORMER,Construction and renovation work,"Hekkestraat 6, 9308, Hofstade"
302,Medec International,https://www.medec-intl.com/,C,Manufacturing,TRANSFORMER,Anesthesia equipment production,"Avenue des Communautés 110, 1200, Woluwe-Saint-Lambert"
303,Medium,https://mediumbvba-grillaert.webnode.be,R,Arts entertainment and recreation,ENABLER,Creative painting workshops and events,"Kouterbaan 68, 9310, Baardegem"
304,Meerschman,https://meerschman.bmw.be/,G,Wholesale and retail trade,ENABLER,BMW dealership sales and maintenance,"Haverenbosweg 1, 9310, Baardegem"
305,Mentres,https://www.mentres.be/,L,Real estate activities,ENABLER,Real estate project development,"Lindeveldstraat 28, 9308, Hofstade"
306,Metal-Clean,https://metalclean.be/,C,Manufacturing,TRANSFORMER,Blasting metallizing and powder coating,"Victor Bocquéstraat 15, 9300, Aalst"
307,Metos,https://www.metos.be/,G,Wholesale and retail trade,ENABLER,Professional kitchen equipment supply,"Meirbeekstraat 138, 9308, Gijzegem"
308,Midnight & Alexander,https://middernachtalexander.com/,R,Arts entertainment and recreation,TRANSFORMER,Artworks and sculpture creation,"Industrielaan 4, 9320, Erembodegem"
309,Mignot & De Block Belgium,https://www.companyweb.be/nl/0716800306,G,Wholesale and retail trade,ENABLER,Wholesale tobacco import and distribution,"Industrielaan 4, 9320, Erembodegem"
310,Minigrip Development,https://www.companyweb.be/nl/0697838487,C,Manufacturing,TRANSFORMER,Resealable plastic bags manufacturing,"Italiënweg 46, 9320, Erembodegem"
311,Minit Benelux,https://misterminit.eu/,S,Other service activities,ENABLER,Shoe repair key duplication and repairs,"Wijngaardveld 14, 9300, Aalst"
312,Mmb Machines,https://mmbmachines.be/,G,Wholesale and retail trade,ENABLER,Sale and rental of concrete pumps,"Bergweg 7, 9308, Hofstade"
313,Mobella Interior,https://www.dematrassengigant.be/,G,Wholesale and retail trade,ENABLER,Furniture and mattress retail,"Churchillsteenweg 24, 9320, Erembodegem"
314,Mobility & Services Center,https://www.valckenier.be/,G,Wholesale and retail trade,ENABLER,Car sales maintenance and rental,"Korte Keppestraat 7 bus 62, 9320, Erembodegem"
315,Mobility Mates,https://www.mobilitymates.be/,M,Professional scientific and technical activities,GUARDIAN,Fleet management consulting,"Hekkestraat 18, 9308, Hofstade"
316,Modulec,https://www.modulec.be,G,Wholesale and retail trade,ENABLER,Wholesale of building materials,"Gentse steenweg 518A, 9300, Aalst"
317,Mondrian II Aalst,https://www.mon3aan.be/,K,Financial and insurance activities,GUARDIAN,Digital accounting and tax advice,"Hekkestraat 43, 9308, Hofstade"
318,Montea,https://montea.com/en/,L,Real estate activities,ENABLER,Logistics real estate development and management,"Ninovesteenweg 198, 9320, Erembodegem"
319,Mortell,https://www.companyweb.be/nl/0702951971,L,Real estate activities,ENABLER,Real estate buying selling and rental,"Industrielaan 27, 9320, Erembodegem"
320,Mouth Aalst,https://www.companyweb.be/nl/0702951971,Q,Human health and social work activities,ENABLER,Dental services,"Industrielaan 25, 9320, Erembodegem"
321,Movianto Belgium,https://movianto.com/,H,Transportation and storage,ENABLER,Pharmaceutical supply chain and logistics,"Industrielaan 23, 9320, Erembodegem"
322,Multiminds,https://www.multiminds.com/,J,Information and communication,GUARDIAN,Data analytics agency,"Gentse steenweg 357, 9300, Aalst"
323,Muylaert Insurance,https://www.multiminds.com/,K,Financial and insurance activities,GUARDIAN,Insurance products and claims handling,"Siesegemlaan 1, 9300, Aalst"
324,MX Motors,https://mazdastore.be/,G,Wholesale and retail trade,ENABLER,Mazda vehicle sales and maintenance,"Geraardsbergsestraat 43, 9300, Aalst"
325,nanogGrid,https://www.nanogrid.com/,J,Information and communication,GUARDIAN,Energy management systems consulting,"Wijngaardveld 18, 9300, Aalst"
326,Neetens & Co,https://www.neetens.be/,H,Transportation and storage,ENABLER,Moving services and furniture storage,"Ninovesteenweg 107, 9320, Erembodegem"
327,Neopack,http://www.neopack.be/,C,Manufacturing,TRANSFORMER,Plastic and cardboard packaging manufacturing,"Ninovesteenweg 198, 9320, Erembodegem"
328,Net Quality Service & Technique,https://www.companyweb.be/nl/0797681775,N,Administrative and support service activities,ENABLER,Cleaning services,"Industrielaan 27, 9320, Erembodegem"
329,New Laforge,https://www.powerofwinning.be/,R,Arts entertainment and recreation,ENABLER,Gaming casinos and betting,"Keizersplein 71, 9300, Aalst"
330,New Van Heukelom,https://www.nvh.be/,G,Wholesale and retail trade,ENABLER,Office supplies,"Waterkeringstraat 1, 9320, Erembodegem"
331,Nieulandt Recycling,https://www.nieulandtrecycling.be/,E,Water supply sewerage waste management,TRANSFORMER,Recycling and waste management,"Hertshage 10, 9300, Aalst"
332,Office in Aalst,https://www.nieulandtrecycling.be/,L,Real estate activities,ENABLER,Flexible office spaces and coworking,"Ninovesteenweg  226, 9320, Erembodegem"
333,Office Tijl Jansegers,https://www.nieulandtrecycling.be/,L,Real estate activities,ENABLER,Real estate buying selling and renting,"Ninovesteenweg 196, 9320, Erembodegem"
334,Ontex Group,https://ontex.com/,C,Manufacturing,TRANSFORMER,Personal hygiene products manufacturing,"Wijngaardveld 9 C, 9300, Aalst"
335,Oostakker's Finest Sushi,https://www.companyweb.be/nl/0676674770,C,Manufacturing,TRANSFORMER,Sushi production,"Industrielaan 29, 9320, Erembodegem"
336,Paintings by De Neef Ulrich,https://www.companyweb.be/nl/0406412083/p-p-r-vibed,F,Construction,TRANSFORMER,Painting of buildings,"Achterbremt 20, 9320, Erembodegem"
337,Paradise,https://www.companyweb.be/nl/0406412083/p-p-r-vibed,G,Wholesale and retail trade,ENABLER,Baby products garden furniture retail,"Korte Keppestraat 23, 9320, Erembodegem"
338,Partena,https://www.partena-professional.be/en,N,Administrative and support service activities,ENABLER,Company setup and payroll administration,"Liersesteenweg 170, 2220, Heist-op-den-Berg"
339,Pasco Promotions,https://www.pascogifts.com/,C,Manufacturing,TRANSFORMER,Promotional gifts and printing,"Victor Bocquéstraat 1, 9300, Aalst"
340,Payment Solutions,http://www.payment-solutions.be/,J,Information and communication,ENABLER,Payment terminals and transaction solutions,"Ninovesteenweg 198, 9320, Erembodegem"
341,PCA,https://www.pcawater.com/,F,Construction,TRANSFORMER,Water and air treatment installation,"Brusselse steenweg 2, 9300, Aalst"
342,Pdv,https://www.pdvboekhouding.be/,K,Financial and insurance activities,GUARDIAN,Accounting and tax advice,"Korte Keppestraat 21, 9320, Erembodegem"
343,Penne,https://www.penne.be/,C,Manufacturing,TRANSFORMER,Metal and plastic parts manufacturing,"Bredestraat 62, 9300, Aalst"
344,Perilec,https://www.perilec.be/,F,Construction,TRANSFORMER,Electrical and installation technology,"Industrielaan 18, 9320, Erembodegem"
345,Perinterim,https://www.companyweb.be/nl/0772990129,C,Manufacturing,ENABLER,Wood processing and equipment repair,"Vondelen 52, 9450, Haaltert"
346,Peter De Smet,https://www.grondwerkendesmet.be/,F,Construction,TRANSFORMER,Earthworks and excavation,"Steenweg op Aalst 62, 9308, Hofstade"
347,Philips Benjamin,https://www.philipsbenjamien.be/,N,Administrative and support service activities,ENABLER,Rail crane rental and earthmoving,"Kartuizersstraat 45, 1000, Brussel"
348,Photo cardboard De Crem,https://www.philipsbenjamien.be/,C,Manufacturing,TRANSFORMER,Photo presentation products manufacturing,"Stationsstraat 16, 9300, Aalst"
349,Picker,https://www.philipsbenjamien.be/,G,Wholesale and retail trade,ENABLER,Retail and wholesale of beverages,"Ninovesteenweg 198, 9320, Erembodegem"
350,Piping Logistics,https://www.pipinglogistics.eu/,C,Manufacturing,TRANSFORMER,Fire suppression and HVAC components manufacturing,"Wijngaardveld 10, 9300, Aalst"
351,Plastic Color,https://www.companyweb.be/nl/0417461967,C,Manufacturing,TRANSFORMER,Plastic products manufacturing,"Brusselse steenweg 165, 9300, Aalst"
352,Plastic Hofstade,https://www.companyweb.be/nl/0417461967,G,Wholesale and retail trade,ENABLER,Building materials retail and wholesale,"Wijngaardveld 32, 9300, Aalst"
353,PPR Vibed ABC,https://plastiekhofstade.shop/,F,Construction,TRANSFORMER,Road works and contracting,"Ninovesteenweg 204, 9320, Erembodegem"
354,Prisma Architects,https://prisma.be/,M,Professional scientific and technical activities,GUARDIAN,Architectural services,"Industrielaan 4, 9320, Erembodegem"
355,Profility,https://www.profility.be/,J,Information and communication,GUARDIAN,Microsoft Dynamics CRM consultancy,"Boekveldbaan 36, 9310, Baardegem"
356,Profit & Tax,https://www.profit-tax.be/,K,Financial and insurance activities,GUARDIAN,Accounting tax and legal services,"Steenweg naar Oudegem 26, 9308, Gijzegem"
357,Projects@Home,https://www.projectsathome.be/,C,Manufacturing,TRANSFORMER,Custom interiors and kitchens,"Gentse steenweg 331, 9300, Aalst"
358,PSR,https://www.prs.eu,E,Water supply sewerage waste management,TRANSFORMER,Brownfield development and remediation,"Industrielaan 27, 9320, Erembodegem"
359,Puratos,https://www.puratos.com/,C,Manufacturing,TRANSFORMER,Food ingredients for bakery and patisserie,"Industrielaan 10, 9320, Erembodegem"
360,Qlevr,https://www.qlevrcompany.com/,C,Manufacturing,TRANSFORMER,Products for babies and young children,"Hekkestraat 33, 9308, Hofstade"
361,Qtecs,https://www.companyweb.be/nl/0647757486,F,Construction,TRANSFORMER,Construction and electrical installation,"Hageveld 4, 9320, Erembodegem"
362,Rematrans,http://rematrans.com/,H,Transportation and storage,ENABLER,Freight transport road freight transport,"Boudewijnlaan 133, 9300, Aalst"
363,Rendapart,https://www.rendapart.com/,C,Manufacturing,TRANSFORMER,Organic fertilizers production,"Bergemeersenstraat 118, 9300, Aalst"
364,Renewi,https://www.companyweb.be/nl/0437748330,E,Water supply sewerage waste management,TRANSFORMER,Waste collection sorting and recycling,"Geraardsbergsestraat 18, 9300, Aalst"
365,Renewi,https://www.companyweb.be/nl/0437748330,E,Water supply sewerage waste management,TRANSFORMER,Waste collection sorting and recycling,"Hekkestraat 30, 9308, Hofstade"
366,Renovita,https://www.renovita.be/,F,Construction,TRANSFORMER,Home renovations and interior projects,"Tragel 60, 9308, Hofstade"
367,Replica4U,https://www.replica.be/,J,Information and communication,ENABLER,Lettering printing and promotional materials,"Industrialaan 25, 1702, Dilbeek"
368,Residential service Vdv,https://www.replica.be/,L,Real estate activities,ENABLER,Real estate mediation buying selling,"Waterkeringstraat 21, 9320, Erembodegem"
369,Response,https://www.respons.be/,K,Financial and insurance activities,GUARDIAN,Accounting and tax advice,"Paardendries 29, 9300, Aalst"
370,Rlux,https://www.companyweb.be/nl/0715765275,F,Construction,TRANSFORMER,General construction of houses,"Gentse steenweg 41, 9300, Aalst"
371,Rmig,http://www.rmig.com/,C,Manufacturing,TRANSFORMER,Perforated metal screens manufacturing,"Rampelberg 19, 9310, Baardegem"
372,Robby De Koninck,http://www.rmig.com/,F,Construction,TRANSFORMER,New construction and renovation,"Wijngaardveld 36, 9300, Aalst"
373,Röchling Automotive Gijzegem,https://roechling-automotive.com/,C,Manufacturing,TRANSFORMER,Automotive plastics solutions manufacturing,"Wijngaardveld 20, 9300, Aalst"
374,Rogier De Clercq,https://www.companyweb.be/nl/0426721311,C,Manufacturing,TRANSFORMER,Medical equipment manufacturing,"Wijngaardveld 20, 9300, Aalst"
375,Roltex,https://roltex.com/,C,Manufacturing,TRANSFORMER,Plastic products for hospitality and healthcare,"Tragel 52, 9300, Aalst"
376,Roof Technology & Solutions,https://rtsdaken.be/,F,Construction,TRANSFORMER,Roofing installation and maintenance,"Ninovesteenweg 82, 9320, Erembodegem"
377,Roofing works Moens - Van Branteghem,https://rtsdaken.be/,F,Construction,TRANSFORMER,Roofing sloping and flat roofs,"Leopoldlaan 92, 9300, Aalst"
378,Rooftop city,https://rtsdaken.be/,F,Construction,TRANSFORMER,Roofing installation renovation and insulation,"Botermelkstraat 133, 9300, Aalst"
379,RSM Interaudit,https://www.rsm.global/belgium/nl,K,Financial and insurance activities,GUARDIAN,Audit accounting and tax advice,"Ninovesteenweg 198, 9320, Erembodegem"
380,Rutronik Belgium,https://www.companyweb.be/nl/0830710176,G,Wholesale and retail trade,ENABLER,Distribution of electronic components,"Nijverheidslaan 12, 9308, Gijzegem"
381,S - Trans,https://strans.be/,J,Information and communication,ENABLER,Domain registration and web hosting,"Kortestraat 9, 9320, Erembodegem"
382,S.Air,https://sair.be/,F,Construction,TRANSFORMER,Industrial ventilation and smoke extraction,"Industrielaan 27, 9320, Erembodegem"
383,Samdam Belux,https://www.samdam.be/,G,Wholesale and retail trade,ENABLER,Promotional products and workwear wholesale,"Wijngaardveld 29, 9300, Aalst"
384,Sanders Parts,https://www.sandersparts.be/,G,Wholesale and retail trade,ENABLER,Wholesale of truck parts,"Korte Keppestraat 7 bus 52, 9320, Erembodegem"
385,SBB Accountants & Tax Consultants,https://www.sbb.be/nl,K,Financial and insurance activities,GUARDIAN,Accounting and tax advice,"Louis Camustraat 31, 9300, Aalst"
386,SBS,https://www.skillbuilders.be/,M,Professional scientific and technical activities,GUARDIAN,HR support talent development and coaching,"Ninovesteenweg 198, 9320, Erembodegem"
387,Scandstick Belgium,https://www.companyweb.be/nl/0537304081,C,Manufacturing,TRANSFORMER,Rubber-based products manufacturing,"Merestraat 175, 9300, Aalst"
388,Schellaert,https://www.schellaert.be/,G,Wholesale and retail trade,ENABLER,Paint wholesaler and decoration specialist,"Nijverheidslaan 4, 9308, Gijzegem"
389,Schockaert Motorservice,https://www.companyweb.be/nl/0760199787,G,Wholesale and retail trade,ENABLER,Motorcycle sales and maintenance,"Van Langenhovestraat 11-15, 9300, Aalst"
390,Schollaert,https://www.companyweb.be/nl/0421716309,F,Construction,TRANSFORMER,Construction renovation and carpentry,"Kokerijstraat 64, 9310, Baardegem"
391,Schunk Intec,https://schunk.com/,C,Manufacturing,TRANSFORMER,Clamping and gripping technology manufacturing,"Dietsevest 32:1a, 3000, Leuven"
392,Sedus Stoll,https://www.companyweb.be/nl/0429635962,C,Manufacturing,TRANSFORMER,Office furniture manufacturing,"Lippenshofweg 1, 9320, Erembodegem"
393,Servants,https://www.servantes.be/,N,Administrative and support service activities,ENABLER,Staffing solutions for local governments,"St. Rochusstraat 15, 9320, Erembodegem"
394,Seven,https://www.servantes.be/,J,Information and communication,ENABLER,Screen printing and digital applications,"Moutstraat 12, 9300, Aalst"
395,Shape,https://www.shape-theming.be/,F,Construction,TRANSFORMER,Real estate and construction development,"Dendermondse steenweg 75, 9300, Aalst"
396,Shelfwood,https://www.shape-theming.be/,G,Wholesale and retail trade,ENABLER,Import and distribution of ceramic tiles,"Pijpenbeek 40, 9320, Erembodegem"
397,Ship - Industrial Cutting,https://www.companyweb.be/nl/0837029826,E,Water supply sewerage waste management,TRANSFORMER,Material recovery and shipbreaking,"Lion d'Orweg 13-15, 9300, Aalst"
398,Shooting Gallery,https://www.companyweb.be/nl/0453911203,R,Arts entertainment and recreation,ENABLER,Shooting range for sport shooting,"Rijdentstraat 11, 9320, Erembodegem"
399,SIZE,https://www.companyweb.be/nl/0453911203,N,Administrative and support service activities,ENABLER,Supporting sectors with customized expertise,"Industrielaan 4, 9320, Erembodegem"
400,Slimbox,https://www.slimbox.eu/nl/,C,Manufacturing,TRANSFORMER,Packaging solutions,"Ninovesteenweg 198, 9320, Erembodegem"
401,SME Partners,https://www.slimbox.eu/nl/,K,Financial and insurance activities,GUARDIAN,Accounting services for SMEs,"Boudewijnlaan 131, 9300, Aalst"
402,Smg,https://www.sterckxmedia.be/,M,Professional scientific and technical activities,GUARDIAN,Marketing and advertising,"Hogeweg 20, 9320, Erembodegem"
403,Sold,https://www.snoepman.be,F,Construction,TRANSFORMER,Solar panels and sustainable energy installation,"Borreput 10, 9300, Aalst"
404,Solidtecs,https://solidtecs.be/,F,Construction,TRANSFORMER,Industrial technical services and maintenance,"Eerdegemstraat 1, 9310, Baardegem"
405,Solva,https://www.so-lva.be/,M,Professional scientific and technical activities,GUARDIAN,Regional development support,"Victor Bocquéstraat 3, 9300, Aalst"
406,Somati Fie,https://www.somatifie.be/,F,Construction,TRANSFORMER,Fire protection solutions,"Wijngaardveld 22, 9300, Aalst"
407,Speelhal.Net,https://powerofwinning.be/,R,Arts entertainment and recreation,ENABLER,Casino games and entertainment,"Brusselbaan 19, 9320, Erembodegem"
408,Splendit,http://splendit.be/,N,Administrative and support service activities,ENABLER,Rental of audio and lighting equipment,"Moorselbaan 189, 9300, Aalst"
409,Sporeco,https://www.buildyourhome.be/nl/aannemer/sporeco,F,Construction,TRANSFORMER,Construction and infrastructure,"Geraardsbergsesteenweg 49, 9320, Erembodegem"
410,Stabe,https://www.paradisio-online.be/,G,Wholesale and retail trade,ENABLER,Wholesale furniture and baby products,"Hekkestraat 43a, 9308, Hofstade"
411,Steel will,https://www.stahlwille.be/,C,Manufacturing,TRANSFORMER,Hand tools and torque wrenches manufacturing,"Burchtstraat 10, 9300, Aalst"
412,Stegi Construct,https://stegiconstruct.be/,F,Construction,TRANSFORMER,Roofing renovation and industrial buildings,"Ninovesteenweg 104, 9320, Erembodegem"
413,Sterck Invest,https://stercknv.be/,F,Construction,TRANSFORMER,Bathrooms kitchens and technical installations,"Industrielaan 25 b, 9320, Erembodegem"
414,Stone Design Lauwerijs,https://www.stonedesign.be/,C,Manufacturing,TRANSFORMER,Stone products manufacturing,"Industrielaan 19 A, 9320, Erembodegem"
415,Stone Living,https://www.companyweb.be/nl/0822556832,G,Wholesale and retail trade,ENABLER,Wholesale of stone building products,"Korte Keppestraat 23, 9320, Erembodegem"
416,Storm Fashion,https://www.companyweb.be/nl/0894753239,G,Wholesale and retail trade,ENABLER,Retail of shoes and clothing,"Waterkeringstraat 13, 9320, Erembodegem"
417,Street,https://www.companyweb.be/nl/0894753239,J,Information and communication,ENABLER,Brand and event partnership marketplace,"Steenweg naar Oudegem 164, 9308, Gijzegem"
418,Suma Construct,https://www.companyweb.be/nl/0766504589,F,Construction,TRANSFORMER,Interior and exterior renovations,"Steenweg op Aalst 85, 9308, Hofstade"
419,Syntra Nxt-Pro Campus Aalst,https://syntra-mvl.be/,P,Education,ENABLER,Training and entrepreneurship programs,"Industrielaan 4, 9320, Erembodegem"
420,Tanera Metals,https://www.tanerametals.com/,G,Wholesale and retail trade,ENABLER,Trading and wholesale of non-ferrous metals,"Kerkhoflaan 3, 9300, Aalst"
421,Tastelink,http://www.bellbenelux.com/,C,Manufacturing,TRANSFORMER,Meat and convenience products processing,"Pierre Corneliskaai 40, 9300, Aalst"
422,Tate & Lyle Services (Belgium),https://www.companyweb.be/nl/0890484843,N,Administrative and support service activities,ENABLER,Administrative support activities,"Lion d'Orweg 19, 9300, Aalst"
423,Tc Roofing,https://tcdakwerken.be/,F,Construction,TRANSFORMER,Roofing and facade work,"Geraardsbergsesteenweg 45, 9320, Erembodegem"
424,Td Synnex Belgium,https://be.techdata.com/,G,Wholesale and retail trade,ENABLER,IT technology distribution,"Waterkeringstraat 18, 9320, Erembodegem"
425,Tdm3,https://www.tdm3.be/,N,Administrative and support service activities,ENABLER,Healthcare billing administration,"Gentse steenweg 446, 9300, Aalst"
426,TDS Customs and excise duties,https://www.tdm3.be/,H,Transportation and storage,ENABLER,Customs agency and logistics,"Alfred Nichelsstraat 14, 9300, Aalst"
427,Tekni - Plex Europe,https://www.tekniplex.be/,C,Manufacturing,TRANSFORMER,Materials science and plastic solutions manufacturing,"Asserendries 85, 9300, Aalst"
428,Tereos Eu,https://tereos.com/,C,Manufacturing,TRANSFORMER,Processing of beets sugarcane and grains,"Wijngaardveld 9, 9300, Aalst"
429,Tereos Starch & Sweeteners Belgium,https://tereosaalst.be/,C,Manufacturing,TRANSFORMER,Sugar alcohol and starch production,"Gentse steenweg 196, 9300, Aalst"
430,TFE,https://tereosaalst.be/,G,Wholesale and retail trade,ENABLER,Pellet stoves and boilers sales,"Moorselbaan 445, 9300, Aalst"
431,The Animal,https://tereosaalst.be/,F,Construction,TRANSFORMER,Gates doors and shade solutions installation,"Victor Bocquéstraat 1, 9300, Aalst"
432,The Baths,https://tereosaalst.be/,F,Construction,TRANSFORMER,Wellness installations saunas spas and pools,"Ninovesteenweg 198, 9320, Erembodegem"
433,The Bishop,https://tereosaalst.be/,G,Wholesale and retail trade,ENABLER,Wholesale in metals,"Industrielaan 4, 9320, Erembodegem"
434,The Cort Fair,https://tereosaalst.be/,R,Arts entertainment and recreation,ENABLER,Operating fairground attractions,"Geneverweg 6, 9310, Baardegem"
435,The Fiestas,https://tereosaalst.be/,G,Wholesale and retail trade,ENABLER,Party and carnival store,"Tragel 47, 9300, Aalst"
436,The Grom,https://tereosaalst.be/,C,Manufacturing,TRANSFORMER,Glass products processing and installation,"Drie Sleutelsstraat 74, 9300, Aalst"
437,The Line Depot,https://tereosaalst.be/,H,Transportation and storage,ENABLER,Public transport with buses and trams,"Wijngaardveld 34, 9300, Aalst"
438,The Meersman Dirk,https://tereosaalst.be/,F,Construction,TRANSFORMER,Central heating plumbing and ventilation,"Industrielaan 37, 9320, Erembodegem"
439,The Outsider Aalst,https://outsideraalst.be/,R,Arts entertainment and recreation,ENABLER,Outdoor team-building activities,"Burchtstraat 10, 9300, Aalst"
440,The Rycke Concrete Aalst,https://outsideraalst.be/,C,Manufacturing,TRANSFORMER,Ready-mix concrete production,"Burchtstraat 10, 9300, Aalst"
441,The Waegeneer Parquet Floors,https://outsideraalst.be/,F,Construction,TRANSFORMER,Parquet flooring sale and installation,"Kapellekensbaan 4, 9320, Erembodegem"
442,The Warehouse,https://outsideraalst.be/,Q,Human health and social work activities,ENABLER,Social enterprise providing employment support,"Korte Keppestraat 23, 9320, Erembodegem"
443,The Whites,https://outsideraalst.be/,C,Manufacturing,TRANSFORMER,Decorative paints production,"Doorsteeklaan 27, 9308, Hofstade"
444,The Winter Finance,https://outsideraalst.be/,K,Financial and insurance activities,GUARDIAN,Insurance and financial advice,"Bergemeersenstraat 120, 9300, Aalst"
445,The Writer Accounting Office,https://outsideraalst.be/,K,Financial and insurance activities,GUARDIAN,Bookkeeping and tax advice,"Wijngaardveld , 9300, Aalst"
446,Thinfactory,https://thinfactory.com/,J,Information and communication,ENABLER,Cloud services and IT infrastructure,"Lokerenveldstraat 42, 9300, Aalst"
447,Thoen Audi,https://www.groepthoen.be/,G,Wholesale and retail trade,ENABLER,Car dealership sales and maintenance,"Heilig Hartlaan 29, 9300, Aalst"
448,Thoen Auto Group,https://www.groepthoen.be/,G,Wholesale and retail trade,ENABLER,Car dealership sales and maintenance,"Groeneweg 17, 9320, Erembodegem"
449,Thoen Group,https://www.groepthoen.be/,G,Wholesale and retail trade,ENABLER,Car sales maintenance and mobility solutions,"Wijngaardveld 8, 9300, Aalst"
450,Tip - Top Cleaning,https://www.tiptopcleaning.be/,N,Administrative and support service activities,ENABLER,Professional cleaning services,"Keppestraat 41, 9320, Erembodegem"
451,Tirolli Transport,https://www.companyweb.be/nl/0500675495,H,Transportation and storage,ENABLER,Postal and courier services,"Wijngaardveld 23, 9300, Aalst"
452,Tmkm,https://www.companyweb.be/nl/0546854623,M,Professional scientific and technical activities,GUARDIAN,Business management consultancy,"Kloosterstraat 7, 9310, Baardegem"
453,Toffly,https://toffly.be/,F,Construction,TRANSFORMER,Windows doors and renovation,"Groeneweg 17, 9320, Erembodegem"
454,Tokati,https://www.vandevondel.be/,L,Real estate activities,ENABLER,Real estate agent sales and rentals,"Keimolen 7, 9310, Baardegem"
455,Tombour Pieter,https://tomberu.be.be,C,Manufacturing,TRANSFORMER,Woodworking and joinery,"Korte Zoutstraat 46, 9300, Aalst"
456,Tony Interior,https://www.tonyinterieur.be/,C,Manufacturing,TRANSFORMER,Custom kitchen design and renovations,"Gentse steenweg 93, 9300, Aalst"
457,Top Garden Goeman,https://www.tonyinterieur.be/,F,Construction,TRANSFORMER,Swimming pools and garden construction,"Tragel 12, 9300, Aalst"
458,Top One Trans,https://www.companyweb.be/nl/0599800785,H,Transportation and storage,ENABLER,Freight transport services,"Kammenkouterstraat 59, 9310, Baardegem"
459,Topsport@Business,https://www.lindemansaalst.be/,R,Arts entertainment and recreation,ENABLER,Volleyball club and sports facilities,"Grote Baan 129, 9310, Herdersem"
460,Total Concept For Cycling,https://www.companyweb.be/nl/0438594804,G,Wholesale and retail trade,ENABLER,Bicycle retail and repairs,"Kattenbroekstraat 18, 9310, Baardegem"
461,Tragel Sport,https://www.companyweb.be/nl/0768792108,R,Arts entertainment and recreation,ENABLER,Bowling climbing and entertainment,"Stevensveldstraat 11, 9310, Baardegem"
462,Tragri,https://www.companyweb.be/nl/0735969484,H,Transportation and storage,ENABLER,Freight transport road freight transport,"Hertshage 10, 9300, Aalst"
463,Transport De Smet,https://www.companyweb.be/nl/0406967359,H,Transportation and storage,ENABLER,Road freight transport and logistics,"Waterkeringstraat 17, 9320, Erembodegem"
464,Transport Geert Burms,https://www.companyweb.be/nl/0452980496,H,Transportation and storage,ENABLER,Freight transport road freight transport,"Hammestraat 49, 9300, Aalst"
465,Transport PDG,https://www.companyweb.be/nl/0405718039,H,Transportation and storage,ENABLER,Freight transport road freight transport,"Lion d'Orweg 12, 9300, Aalst"
466,Travel The Lathauwer,https://www.companyweb.be/nl/0405718039,N,Administrative and support service activities,ENABLER,Travel agency tailor-made holidays,"Steenweg op Dendermonde 74, 9308, Hofstade"
467,Trinity,https://komorebi.be/,C,Manufacturing,TRANSFORMER,Eyewear design and creation,"Ninovesteenweg 198, 9320, Erembodegem"
468,Truxx Tires,https://komorebi.be/,G,Wholesale and retail trade,ENABLER,Wholesale distribution of truck tires,"Hekkestraat 20, 9308, Hofstade"
469,TSE Technical Services Engineering,https://www.truxxtyres.com/,F,Construction,TRANSFORMER,Infrastructure construction and engineering,"Nachtegaalstraat 10, 9320, Erembodegem"
470,Turck Multiprox,https://www.multiprox.be/,G,Wholesale and retail trade,ENABLER,Industrial automation solutions supply,"Heerlijkheidstraat 34, 9308, Hofstade"
471,Ulvaco,https://www.ulvaco.be/,H,Transportation and storage,ENABLER,Road freight transport and logistics,"Capucienenlaan 41, 9300, Aalst"
472,Union Biometrica,https://www.unionbio.com/,C,Manufacturing,TRANSFORMER,Flow cytometry solutions manufacturing,"Moorselbaan 122, 9300, Aalst"
473,Uradi Sam Belgrade,https://www.unionbio.com/,G,Wholesale and retail trade,ENABLER,Wholesale of chemical products,"Lion d'Orweg 23, 9300, Aalst"
474,Utel,https://utel.be/,F,Construction,TRANSFORMER,Heating ventilation and plumbing installation,"Jan Jeliestraat 38, 9300, Aalst"
475,UV System Design Center,https://utel.be/,M,Professional scientific and technical activities,GUARDIAN,Siphonic roof drainage design and engineering,"Bosselingen 5, 9308, Hofstade"
476,Uyttendaele Accounting Office,https://www.uv-system.com/,K,Financial and insurance activities,GUARDIAN,Financial solutions for entrepreneurs,"Doorsteeklaan 1, 9308, Hofstade"
477,Valco Bodywork,https://uyttendaelebvba.be/,G,Wholesale and retail trade,ENABLER,Body repairs and damage repair,"Hollestraat 45, 9310, Baardegem"
478,Van De Moer Instruments,https://www.vandemoer.be/,G,Wholesale and retail trade,ENABLER,Musical instruments retail,"Leopoldlaan 20, 9300, Aalst"
479,van den Broeck Paintings,https://www.vandemoer.be/,F,Construction,TRANSFORMER,Painting works and floor coverings,"Brusselbaan 200, 9320, Erembodegem"
480,Van Den Heuvel Transport,https://www.vdh-trans.be/,H,Transportation and storage,ENABLER,Customized transport services,"Wijngaardveld 15 B, 9300, Aalst"
481,Van Den Nest Containers,https://www.containers-vandennest-aalst.be/,E,Water supply sewerage waste management,ENABLER,Waste management and container rentals,"Parklaan 10, 9300, Aalst"
482,Van Den Nest Hout – Construction & Interior,https://www.vandennest.be/,G,Wholesale and retail trade,ENABLER,Building and finishing materials retail,"Leuvestraat 175, 9320, Erembodegem"
483,Van Den Steen R.-Cornelis,https://www.vandensteen-cornelis.be/,G,Wholesale and retail trade,ENABLER,Wholesale of game and poultry products,"Bauwensplein 13, 9300, Aalst"
484,Van Der Biest Alarm,https://www.vdbalarm.be/,F,Construction,TRANSFORMER,Alarm systems and security installation,"Bauwensplein 13, 9300, Aalst"
485,Van Der Eecken,https://www.takeldienstjorisvandereecken.be/,G,Wholesale and retail trade,ENABLER,Towing and roadside assistance,"Broekstraat 14, 9310, Baardegem"
486,Van Keymeulen business office,https://vangeertartfoundry.be/,K,Financial and insurance activities,GUARDIAN,Insurance brokerage and financial services,"1 Meistraat 4, 9300, Aalst"
487,Van Landuyt & Co,https://www.companyweb.be/nl/0439763752,G,Wholesale and retail trade,ENABLER,Wholesale of food products,"Melkerijweg  10, 1703, Schepdaal"
488,Van Meeuwen Lubrication,https://www.vanmeeuwen.com/,G,Wholesale and retail trade,ENABLER,Premium lubricants supply,"Industrielaan 15, 9320, Erembodegem"
489,Van Meeuwen Services,https://www.vanmeeuwen.com/,N,Administrative and support service activities,ENABLER,Lubrication services and maintenance,"Industrielaan 4, 9320, Erembodegem"
490,Van Molle,https://www.vanmolbvba.eu/,C,Manufacturing,TRANSFORMER,Sails and sun blinds production,"Capucienenlaan 102, 9300, Aalst"
491,Vandenameele,http://www.drankenvandenameele.be/,G,Wholesale and retail trade,ENABLER,Beverages retail and wholesale,"Dries 37B, 9320, Erembodegem"
492,VB Interior,https://vbinterieur.be,C,Manufacturing,TRANSFORMER,Custom interior joinery manufacturing,"Dries 37 B, 9320, Erembodegem"
493,VDL Belgium,https://www.vdlbelgium.com/nl-be,C,Manufacturing,TRANSFORMER,Tube and sheet metal processing,"Hekkestraat 16, 9308, Hofstade"
494,Vebego Cleaning and Services,https://www.vdlbelgium.com/nl-be,N,Administrative and support service activities,ENABLER,Professional cleaning services,"Kapelleommegang 44, 9310, Baardegem"
495,Vera+,https://www.veraplus.be/,F,Construction,TRANSFORMER,Windows doors and gates installation,"Moorselbaan 448, 9300, Aalst"
496,Vergalle Decor,http://www.vergalle-interieurs.be/,C,Manufacturing,TRANSFORMER,Carpentry and cabinetmaking,"Steenweg op Dendermonde 46, 9300, Hofstade"
497,Vergalle Interiors,https://www.vergalle-interieurs.be/,C,Manufacturing,TRANSFORMER,Carpentry and furniture making,"De Gheeststraat 1B, 9300, Aalst"
498,Verleysen - Ringoir,https://bakkerijverleysen.be/,C,Manufacturing,TRANSFORMER,Artisan bakery bread and pastry,"Burchtstraat 10, 9300, Aalst"
499,Vg Logistics,https://www.vglogistics.be/,H,Transportation and storage,ENABLER,Customized transport and logistics,"Sinte Annalaan 99 b, 9300, Aalst"
500,Vires,https://www.companyweb.be/nl/0830971185,F,Construction,TRANSFORMER,Hydraulic engineering and electrical installation,"Groeneweg 17, 9320, Erembodegem"
501,Visiativ Belgium,https://www.visiativ.be/,J,Information and communication,GUARDIAN,Design solutions and 3D printing consulting,"Ninovesteenweg 198 bus 32, 9320, Erembodegem"
502,Volve Belgium,https://www.volve.be/nl/wie-we-zijn/,J,Information and communication,GUARDIAN,Data analytics and AI consulting,"Alfred Nichelsstraat 14, 9300, Aalst"
503,VTI - Campus Sinte Annalaan,https://vtiaalst.be/,P,Education,ENABLER,Technical education and training,"Wijngaardveld 5, 9300, Aalst"
504,Vtm Quality Services,https://www.vtm-quality.nl/,C,Manufacturing,TRANSFORMER,Chicken filleting and poultry processing,"Wijngaardveld 5, 9300, Aalst"
505,Watcherr,https://www.watcherr.com/,J,Information and communication,ENABLER,SaaS health monitoring solutions,"Industrielaan 22, 9320, Erembodegem"
506,Wave Agency,https://www.wave-agency.com/,M,Professional scientific and technical activities,GUARDIAN,Marketing agency brand activation,"Watermolenstraat 11, 9320, Erembodegem"
507,We buy cars,https://www.wave-agency.com/,G,Wholesale and retail trade,ENABLER,Used car buying service,"Wijngaardveld 14, 9300, Aalst"
508,Welders,https://welders.be/,C,Manufacturing,TRANSFORMER,Custom pressure equipment manufacturing,"Kwalestraat 74, 9320, Erembodegem"
509,Welders Filtration Technology,https://www.wft.be/,C,Manufacturing,TRANSFORMER,Filter presses manufacturing,"Watermolenstraat 1, 9320, Erembodegem"
510,Well radiator,https://www.wft.be/,C,Manufacturing,TRANSFORMER,Heating appliances production,"Hyacinthenstraat 50, 9300, Aalst"
511,Westphalia,https://zuurstofcilinder.westfalengassen.nl/,C,Manufacturing,TRANSFORMER,Industrial gases manufacturing,"Industrielaan 4, 9320, Erembodegem"
512,Willco Products,https://www.willcoproducts.be/,C,Manufacturing,TRANSFORMER,Decorative plasters and facade insulation,"Gentse steenweg 145, 9300, Aalst"
513,Wips,http://www.compost-wips.be/,E,Water supply sewerage waste management,TRANSFORMER,Composting and waste processing,"Wijngaardveld 54, 9300, Aalst"
514,Wobben,http://wobben.com/,C,Manufacturing,TRANSFORMER,Wind turbines manufacturing,"Villalaan 16, 9320, Erembodegem"
515,Wood expert,http://wobben.com/,J,Information and communication,ENABLER,3D CAD software for furniture design,"Wijngaardveld 22 A, 9300, Aalst"
516,Wowow Europe,https://www.wowow.be/,C,Manufacturing,TRANSFORMER,Reflective clothing manufacturing,"Zijpstraat 24, 9308, Hofstade"
517,Xilinx Benelux,https://www.companyweb.be/nl/0464745311,J,Information and communication,ENABLER,Electronic design and programmable logic devices,"Heerlijkheidstraat 16, 9308, Hofstade"
518,YR Cars,https://www.ycars.be,G,Wholesale and retail trade,ENABLER,Car garage services,"Welleweg 81, 9320, Erembodegem"
519,Zeeland Insurance,https://www.companyweb.be/nl/0461445034,K,Financial and insurance activities,GUARDIAN,Insurance products and advice,"Industrielaan 25, 9320, Erembodegem"